,year,country,state,county_name,acre_planted,acre_planted_cv,acre_harvested,acres_loss
0,2005,UNITED STATES,TEXAS,BOWIE,2100.0,,2000.0,100.0
1,2004,UNITED STATES,TEXAS,BOWIE,1700.0,,1700.0,0.0
2,2003,UNITED STATES,TEXAS,BOWIE,1400.0,,1400.0,0.0
3,2002,UNITED STATES,TEXAS,BOWIE,1300.0,,1445.0,-145.0
4,2001,UNITED STATES,TEXAS,BOWIE,1500.0,,1500.0,0.0
5,2000,UNITED STATES,TEXAS,BOWIE,1100.0,,1100.0,0.0
6,1999,UNITED STATES,TEXAS,BOWIE,1500.0,,1500.0,0.0
7,1998,UNITED STATES,TEXAS,BOWIE,1300.0,,1300.0,0.0
8,1997,UNITED STATES,TEXAS,BOWIE,1200.0,,1200.0,0.0
9,1995,UNITED STATES,TEXAS,BOWIE,1500.0,,1400.0,100.0
10,1994,UNITED STATES,TEXAS,BOWIE,1700.0,,1700.0,0.0
11,1993,UNITED STATES,TEXAS,BOWIE,1800.0,,1500.0,300.0
12,1992,UNITED STATES,TEXAS,BOWIE,2100.0,,2100.0,0.0
13,1991,UNITED STATES,TEXAS,BOWIE,2500.0,,2300.0,200.0
14,1990,UNITED STATES,TEXAS,BOWIE,2300.0,,2200.0,100.0
15,1989,UNITED STATES,TEXAS,BOWIE,1800.0,,1700.0,100.0
16,1988,UNITED STATES,TEXAS,BOWIE,2700.0,,2400.0,300.0
17,1987,UNITED STATES,TEXAS,BOWIE,2000.0,,2000.0,0.0
18,1986,UNITED STATES,TEXAS,BOWIE,2000.0,,2000.0,0.0
19,1985,UNITED STATES,TEXAS,BOWIE,2500.0,,2500.0,0.0
20,1984,UNITED STATES,TEXAS,BOWIE,2800.0,,2700.0,100.0
21,1983,UNITED STATES,TEXAS,BOWIE,2000.0,,1900.0,100.0
22,1982,UNITED STATES,TEXAS,BOWIE,2200.0,,2200.0,0.0
23,1981,UNITED STATES,TEXAS,BOWIE,3700.0,,3600.0,100.0
24,1980,UNITED STATES,TEXAS,BOWIE,2000.0,,2000.0,0.0
25,1979,UNITED STATES,TEXAS,BOWIE,2200.0,,2200.0,0.0
26,1978,UNITED STATES,TEXAS,BOWIE,2100.0,,1800.0,300.0
27,1975,UNITED STATES,TEXAS,BOWIE,1250.0,,1200.0,50.0
28,2001,UNITED STATES,TEXAS,HOPKINS,1500.0,,1500.0,0.0
29,1999,UNITED STATES,TEXAS,HOPKINS,1200.0,,1200.0,0.0
30,1998,UNITED STATES,TEXAS,HOPKINS,1600.0,,1500.0,100.0
31,1997,UNITED STATES,TEXAS,HOPKINS,1200.0,,1200.0,0.0
32,1991,UNITED STATES,TEXAS,HOPKINS,1200.0,,1100.0,100.0
33,1989,UNITED STATES,TEXAS,HOPKINS,1100.0,,1100.0,0.0
34,1988,UNITED STATES,TEXAS,HOPKINS,1500.0,,1500.0,0.0
35,1987,UNITED STATES,TEXAS,HOPKINS,1000.0,,1000.0,0.0
36,1986,UNITED STATES,TEXAS,HOPKINS,1400.0,,1400.0,0.0
37,1985,UNITED STATES,TEXAS,HOPKINS,1600.0,,1600.0,0.0
38,1984,UNITED STATES,TEXAS,HOPKINS,1400.0,,1400.0,0.0
39,1983,UNITED STATES,TEXAS,HOPKINS,1200.0,,1200.0,0.0
40,2001,UNITED STATES,TEXAS,RED RIVER,1000.0,,1000.0,0.0
41,1999,UNITED STATES,TEXAS,RED RIVER,1100.0,,1100.0,0.0
42,2005,UNITED STATES,TEXAS,OTHER (COMBINED) COUNTIES,600.0,,600.0,0.0
43,2004,UNITED STATES,TEXAS,OTHER (COMBINED) COUNTIES,700.0,,700.0,0.0
44,2003,UNITED STATES,TEXAS,OTHER (COMBINED) COUNTIES,1300.0,,1300.0,0.0
45,2000,UNITED STATES,TEXAS,OTHER (COMBINED) COUNTIES,1800.0,,1800.0,0.0
46,1999,UNITED STATES,TEXAS,OTHER (COMBINED) COUNTIES,200.0,,200.0,0.0
47,1998,UNITED STATES,TEXAS,OTHER (COMBINED) COUNTIES,1100.0,,1100.0,0.0
48,1997,UNITED STATES,TEXAS,OTHER (COMBINED) COUNTIES,1300.0,,1300.0,0.0
49,1996,UNITED STATES,TEXAS,OTHER (COMBINED) COUNTIES,2600.0,,2600.0,0.0
50,1995,UNITED STATES,TEXAS,OTHER (COMBINED) COUNTIES,1300.0,,1300.0,0.0
51,1994,UNITED STATES,TEXAS,OTHER (COMBINED) COUNTIES,1100.0,,1100.0,0.0
52,1993,UNITED STATES,TEXAS,OTHER (COMBINED) COUNTIES,1700.0,,1500.0,200.0
53,1992,UNITED STATES,TEXAS,OTHER (COMBINED) COUNTIES,900.0,,500.0,400.0
54,1991,UNITED STATES,TEXAS,OTHER (COMBINED) COUNTIES,300.0,,300.0,0.0
55,1990,UNITED STATES,TEXAS,OTHER (COMBINED) COUNTIES,700.0,,700.0,0.0
56,1989,UNITED STATES,TEXAS,OTHER (COMBINED) COUNTIES,100.0,,100.0,0.0
57,1988,UNITED STATES,TEXAS,OTHER (COMBINED) COUNTIES,200.0,,200.0,0.0
58,1987,UNITED STATES,TEXAS,OTHER (COMBINED) COUNTIES,100.0,,100.0,0.0
59,1986,UNITED STATES,TEXAS,OTHER (COMBINED) COUNTIES,200.0,,200.0,0.0
60,1984,UNITED STATES,TEXAS,OTHER (COMBINED) COUNTIES,400.0,,400.0,0.0
61,1983,UNITED STATES,TEXAS,OTHER (COMBINED) COUNTIES,400.0,,400.0,0.0
62,1982,UNITED STATES,TEXAS,OTHER (COMBINED) COUNTIES,500.0,,500.0,0.0
63,1981,UNITED STATES,TEXAS,OTHER (COMBINED) COUNTIES,800.0,,800.0,0.0
64,1977,UNITED STATES,TEXAS,OTHER (COMBINED) COUNTIES,700.0,,700.0,0.0
65,1976,UNITED STATES,TEXAS,OTHER (COMBINED) COUNTIES,700.0,,700.0,0.0
66,1974,UNITED STATES,TEXAS,OTHER (COMBINED) COUNTIES,810.0,,810.0,0.0
67,1973,UNITED STATES,TEXAS,OTHER (COMBINED) COUNTIES,680.0,,680.0,0.0
68,1972,UNITED STATES,TEXAS,OTHER (COMBINED) COUNTIES,570.0,,570.0,0.0
69,1971,UNITED STATES,TEXAS,OTHER (COMBINED) COUNTIES,1000.0,,990.0,10.0
70,1970,UNITED STATES,TEXAS,OTHER (COMBINED) COUNTIES,1000.0,,1000.0,0.0
71,1969,UNITED STATES,TEXAS,OTHER (COMBINED) COUNTIES,1190.0,,1170.0,20.0
72,1968,UNITED STATES,TEXAS,OTHER (COMBINED) COUNTIES,1750.0,,1750.0,0.0
73,2000,UNITED STATES,TEXAS,HARDIN,1100.0,,1100.0,0.0
74,1999,UNITED STATES,TEXAS,HARDIN,1100.0,,1100.0,0.0
75,1998,UNITED STATES,TEXAS,HARDIN,1300.0,,1300.0,0.0
76,1990,UNITED STATES,TEXAS,HARDIN,1100.0,,1100.0,0.0
77,1989,UNITED STATES,TEXAS,HARDIN,1000.0,,1000.0,0.0
78,1982,UNITED STATES,TEXAS,HARDIN,1600.0,,1600.0,0.0
79,1981,UNITED STATES,TEXAS,HARDIN,1600.0,,1600.0,0.0
80,1980,UNITED STATES,TEXAS,HARDIN,2000.0,,2000.0,0.0
81,1979,UNITED STATES,TEXAS,HARDIN,1800.0,,1800.0,0.0
82,1978,UNITED STATES,TEXAS,HARDIN,2100.0,,2100.0,0.0
83,1977,UNITED STATES,TEXAS,HARDIN,1500.0,,1400.0,100.0
84,1976,UNITED STATES,TEXAS,HARDIN,1400.0,,1400.0,0.0
85,1975,UNITED STATES,TEXAS,HARDIN,1650.0,,1600.0,50.0
86,1974,UNITED STATES,TEXAS,HARDIN,1790.0,,1780.0,10.0
87,1973,UNITED STATES,TEXAS,HARDIN,1410.0,,1300.0,110.0
88,1972,UNITED STATES,TEXAS,HARDIN,1110.0,,1110.0,0.0
89,1971,UNITED STATES,TEXAS,HARDIN,1320.0,,1310.0,10.0
90,1970,UNITED STATES,TEXAS,HARDIN,2000.0,,1990.0,10.0
91,1969,UNITED STATES,TEXAS,HARDIN,2360.0,,2350.0,10.0
92,1968,UNITED STATES,TEXAS,HARDIN,2400.0,,2350.0,50.0
93,1980,UNITED STATES,TEXAS,NEWTON,600.0,,600.0,0.0
94,2009,UNITED STATES,TEXAS,WALLER,5700.0,,5700.0,0.0
95,2008,UNITED STATES,TEXAS,WALLER,6300.0,,6300.0,0.0
96,2007,UNITED STATES,TEXAS,WALLER,6100.0,,7208.0,-1108.0
97,2005,UNITED STATES,TEXAS,WALLER,7700.0,,7700.0,0.0
98,2004,UNITED STATES,TEXAS,WALLER,8100.0,,8000.0,100.0
99,2003,UNITED STATES,TEXAS,WALLER,7400.0,,7400.0,0.0
100,2002,UNITED STATES,TEXAS,WALLER,7100.0,,7818.0,-718.0
101,2001,UNITED STATES,TEXAS,WALLER,7000.0,,7000.0,0.0
102,2000,UNITED STATES,TEXAS,WALLER,6100.0,,6100.0,0.0
103,1999,UNITED STATES,TEXAS,WALLER,5900.0,,5900.0,0.0
104,1998,UNITED STATES,TEXAS,WALLER,6700.0,,6700.0,0.0
105,1997,UNITED STATES,TEXAS,WALLER,6700.0,,6706.0,-6.0
106,1996,UNITED STATES,TEXAS,WALLER,6900.0,,6700.0,200.0
107,1995,UNITED STATES,TEXAS,WALLER,7100.0,,6800.0,300.0
108,1994,UNITED STATES,TEXAS,WALLER,7500.0,,7400.0,100.0
109,1993,UNITED STATES,TEXAS,WALLER,6400.0,,6300.0,100.0
110,1992,UNITED STATES,TEXAS,WALLER,7700.0,,7700.0,0.0
111,1991,UNITED STATES,TEXAS,WALLER,8300.0,,7900.0,400.0
112,1990,UNITED STATES,TEXAS,WALLER,8900.0,,8900.0,0.0
113,1989,UNITED STATES,TEXAS,WALLER,8000.0,,8000.0,0.0
114,1988,UNITED STATES,TEXAS,WALLER,11000.0,,10900.0,100.0
115,1987,UNITED STATES,TEXAS,WALLER,8100.0,,8000.0,100.0
116,1986,UNITED STATES,TEXAS,WALLER,8100.0,,8100.0,0.0
117,1985,UNITED STATES,TEXAS,WALLER,9700.0,,9700.0,0.0
118,1984,UNITED STATES,TEXAS,WALLER,12300.0,,12200.0,100.0
119,1983,UNITED STATES,TEXAS,WALLER,8500.0,,8400.0,100.0
120,1982,UNITED STATES,TEXAS,WALLER,13500.0,,13500.0,0.0
121,1981,UNITED STATES,TEXAS,WALLER,16100.0,,16100.0,0.0
122,1980,UNITED STATES,TEXAS,WALLER,16200.0,,16100.0,100.0
123,1979,UNITED STATES,TEXAS,WALLER,16300.0,,16300.0,0.0
124,1978,UNITED STATES,TEXAS,WALLER,16150.0,,16100.0,50.0
125,1977,UNITED STATES,TEXAS,WALLER,14300.0,,14200.0,100.0
126,1976,UNITED STATES,TEXAS,WALLER,15200.0,,15100.0,100.0
127,1975,UNITED STATES,TEXAS,WALLER,17250.0,,17200.0,50.0
128,1974,UNITED STATES,TEXAS,WALLER,17740.0,,17700.0,40.0
129,1973,UNITED STATES,TEXAS,WALLER,16800.0,,16800.0,0.0
130,1972,UNITED STATES,TEXAS,WALLER,15200.0,,15200.0,0.0
131,1971,UNITED STATES,TEXAS,WALLER,15100.0,,15000.0,100.0
132,1970,UNITED STATES,TEXAS,WALLER,14650.0,,14600.0,50.0
133,1969,UNITED STATES,TEXAS,WALLER,16900.0,,16850.0,50.0
134,1968,UNITED STATES,TEXAS,WALLER,18900.0,,18800.0,100.0
135,2009,UNITED STATES,TEXAS,OTHER (COMBINED) COUNTIES,700.0,,700.0,0.0
136,2008,UNITED STATES,TEXAS,OTHER (COMBINED) COUNTIES,1200.0,,1200.0,0.0
137,2007,UNITED STATES,TEXAS,OTHER (COMBINED) COUNTIES,900.0,,900.0,0.0
138,2005,UNITED STATES,TEXAS,OTHER (COMBINED) COUNTIES,400.0,,600.0,-200.0
139,2004,UNITED STATES,TEXAS,OTHER (COMBINED) COUNTIES,800.0,,700.0,100.0
140,2003,UNITED STATES,TEXAS,OTHER (COMBINED) COUNTIES,800.0,,1300.0,-500.0
141,2002,UNITED STATES,TEXAS,OTHER (COMBINED) COUNTIES,600.0,,600.0,0.0
142,2001,UNITED STATES,TEXAS,OTHER (COMBINED) COUNTIES,800.0,,800.0,0.0
143,1997,UNITED STATES,TEXAS,OTHER (COMBINED) COUNTIES,900.0,,1300.0,-400.0
144,1996,UNITED STATES,TEXAS,OTHER (COMBINED) COUNTIES,900.0,,2600.0,-1700.0
145,1995,UNITED STATES,TEXAS,OTHER (COMBINED) COUNTIES,500.0,,1300.0,-800.0
146,1994,UNITED STATES,TEXAS,OTHER (COMBINED) COUNTIES,700.0,,1100.0,-400.0
147,1993,UNITED STATES,TEXAS,OTHER (COMBINED) COUNTIES,600.0,,1500.0,-900.0
148,1992,UNITED STATES,TEXAS,OTHER (COMBINED) COUNTIES,800.0,,500.0,300.0
149,1991,UNITED STATES,TEXAS,OTHER (COMBINED) COUNTIES,700.0,,300.0,400.0
150,1988,UNITED STATES,TEXAS,OTHER (COMBINED) COUNTIES,800.0,,200.0,600.0
151,1987,UNITED STATES,TEXAS,OTHER (COMBINED) COUNTIES,500.0,,100.0,400.0
152,1986,UNITED STATES,TEXAS,OTHER (COMBINED) COUNTIES,400.0,,200.0,200.0
153,1985,UNITED STATES,TEXAS,OTHER (COMBINED) COUNTIES,300.0,,300.0,0.0
154,1984,UNITED STATES,TEXAS,OTHER (COMBINED) COUNTIES,400.0,,400.0,0.0
155,1983,UNITED STATES,TEXAS,OTHER (COMBINED) COUNTIES,700.0,,400.0,300.0
156,1982,UNITED STATES,TEXAS,OTHER (COMBINED) COUNTIES,600.0,,500.0,100.0
157,1981,UNITED STATES,TEXAS,OTHER (COMBINED) COUNTIES,600.0,,800.0,-200.0
158,1979,UNITED STATES,TEXAS,OTHER (COMBINED) COUNTIES,600.0,,600.0,0.0
159,1978,UNITED STATES,TEXAS,OTHER (COMBINED) COUNTIES,650.0,,600.0,50.0
160,1977,UNITED STATES,TEXAS,OTHER (COMBINED) COUNTIES,500.0,,700.0,-200.0
161,1976,UNITED STATES,TEXAS,OTHER (COMBINED) COUNTIES,400.0,,700.0,-300.0
162,1975,UNITED STATES,TEXAS,OTHER (COMBINED) COUNTIES,500.0,,500.0,0.0
163,1974,UNITED STATES,TEXAS,OTHER (COMBINED) COUNTIES,500.0,,810.0,-310.0
164,1973,UNITED STATES,TEXAS,OTHER (COMBINED) COUNTIES,530.0,,680.0,-150.0
165,1972,UNITED STATES,TEXAS,OTHER (COMBINED) COUNTIES,440.0,,570.0,-130.0
166,2008,UNITED STATES,TEXAS,AUSTIN,1000.0,,1000.0,0.0
167,2005,UNITED STATES,TEXAS,AUSTIN,2400.0,,2400.0,0.0
168,2004,UNITED STATES,TEXAS,AUSTIN,2400.0,,2400.0,0.0
169,2003,UNITED STATES,TEXAS,AUSTIN,1700.0,,1700.0,0.0
170,2002,UNITED STATES,TEXAS,AUSTIN,1700.0,,1988.0,-288.0
171,2001,UNITED STATES,TEXAS,AUSTIN,2600.0,,2600.0,0.0
172,2000,UNITED STATES,TEXAS,AUSTIN,2500.0,,2500.0,0.0
173,1999,UNITED STATES,TEXAS,AUSTIN,2800.0,,2800.0,0.0
174,1998,UNITED STATES,TEXAS,AUSTIN,2800.0,,2800.0,0.0
175,1997,UNITED STATES,TEXAS,AUSTIN,2700.0,,4003.0,-1303.0
176,1996,UNITED STATES,TEXAS,AUSTIN,3300.0,,3300.0,0.0
177,1995,UNITED STATES,TEXAS,AUSTIN,2700.0,,2700.0,0.0
178,1994,UNITED STATES,TEXAS,AUSTIN,3200.0,,3200.0,0.0
179,1993,UNITED STATES,TEXAS,AUSTIN,2300.0,,2300.0,0.0
180,1992,UNITED STATES,TEXAS,AUSTIN,3600.0,,3600.0,0.0
181,1991,UNITED STATES,TEXAS,AUSTIN,3000.0,,3000.0,0.0
182,1990,UNITED STATES,TEXAS,AUSTIN,3200.0,,3100.0,100.0
183,1989,UNITED STATES,TEXAS,AUSTIN,2900.0,,2900.0,0.0
184,1988,UNITED STATES,TEXAS,AUSTIN,3100.0,,3100.0,0.0
185,1987,UNITED STATES,TEXAS,AUSTIN,2300.0,,2300.0,0.0
186,1986,UNITED STATES,TEXAS,AUSTIN,2400.0,,2400.0,0.0
187,1985,UNITED STATES,TEXAS,AUSTIN,2500.0,,2500.0,0.0
188,1984,UNITED STATES,TEXAS,AUSTIN,3600.0,,3600.0,0.0
189,1983,UNITED STATES,TEXAS,AUSTIN,2900.0,,2900.0,0.0
190,1982,UNITED STATES,TEXAS,AUSTIN,4000.0,,4000.0,0.0
191,1981,UNITED STATES,TEXAS,AUSTIN,3800.0,,3800.0,0.0
192,1980,UNITED STATES,TEXAS,AUSTIN,4200.0,,4200.0,0.0
193,1979,UNITED STATES,TEXAS,AUSTIN,4200.0,,4200.0,0.0
194,1978,UNITED STATES,TEXAS,AUSTIN,4400.0,,4350.0,50.0
195,1977,UNITED STATES,TEXAS,AUSTIN,3800.0,,3700.0,100.0
196,1976,UNITED STATES,TEXAS,AUSTIN,3700.0,,3700.0,0.0
197,1975,UNITED STATES,TEXAS,AUSTIN,3450.0,,3400.0,50.0
198,1974,UNITED STATES,TEXAS,AUSTIN,3610.0,,3600.0,10.0
199,1973,UNITED STATES,TEXAS,AUSTIN,4420.0,,4400.0,20.0
200,1972,UNITED STATES,TEXAS,AUSTIN,3870.0,,3870.0,0.0
201,1971,UNITED STATES,TEXAS,AUSTIN,3940.0,,3920.0,20.0
202,1970,UNITED STATES,TEXAS,AUSTIN,3680.0,,3670.0,10.0
203,1969,UNITED STATES,TEXAS,AUSTIN,3800.0,,3780.0,20.0
204,1968,UNITED STATES,TEXAS,AUSTIN,4050.0,,4000.0,50.0
205,2020,UNITED STATES,TEXAS,COLORADO,31100.0,2.1,29900.0,1200.0
206,2019,UNITED STATES,TEXAS,COLORADO,29000.0,,28000.0,1000.0
207,2018,UNITED STATES,TEXAS,COLORADO,36100.0,,35200.0,900.0
208,2017,UNITED STATES,TEXAS,COLORADO,31400.0,,28929.0,2471.0
209,2016,UNITED STATES,TEXAS,COLORADO,35200.0,,34600.0,600.0
210,2014,UNITED STATES,TEXAS,COLORADO,24400.0,,23700.0,700.0
211,2011,UNITED STATES,TEXAS,COLORADO,29800.0,,29400.0,400.0
212,2009,UNITED STATES,TEXAS,COLORADO,28000.0,,27500.0,500.0
213,2008,UNITED STATES,TEXAS,COLORADO,31800.0,,31800.0,0.0
214,2007,UNITED STATES,TEXAS,COLORADO,27000.0,,26354.0,646.0
215,2006,UNITED STATES,TEXAS,COLORADO,25900.0,,25900.0,0.0
216,2005,UNITED STATES,TEXAS,COLORADO,31000.0,,31000.0,0.0
217,2004,UNITED STATES,TEXAS,COLORADO,33300.0,,32700.0,600.0
218,2003,UNITED STATES,TEXAS,COLORADO,28900.0,,28900.0,0.0
219,2002,UNITED STATES,TEXAS,COLORADO,30900.0,,26950.0,3950.0
220,2001,UNITED STATES,TEXAS,COLORADO,32200.0,,32200.0,0.0
221,2000,UNITED STATES,TEXAS,COLORADO,33800.0,,33300.0,500.0
222,1999,UNITED STATES,TEXAS,COLORADO,35100.0,,35100.0,0.0
223,1998,UNITED STATES,TEXAS,COLORADO,37000.0,,36700.0,300.0
224,1997,UNITED STATES,TEXAS,COLORADO,36800.0,,45192.0,-8392.0
225,1996,UNITED STATES,TEXAS,COLORADO,46400.0,,46400.0,0.0
226,1995,UNITED STATES,TEXAS,COLORADO,38100.0,,37700.0,400.0
227,1994,UNITED STATES,TEXAS,COLORADO,42300.0,,42200.0,100.0
228,1993,UNITED STATES,TEXAS,COLORADO,35600.0,,35500.0,100.0
229,1992,UNITED STATES,TEXAS,COLORADO,40100.0,,40000.0,100.0
230,1991,UNITED STATES,TEXAS,COLORADO,39800.0,,39700.0,100.0
231,1990,UNITED STATES,TEXAS,COLORADO,40200.0,,40200.0,0.0
232,1989,UNITED STATES,TEXAS,COLORADO,38000.0,,37900.0,100.0
233,1988,UNITED STATES,TEXAS,COLORADO,41700.0,,41500.0,200.0
234,1987,UNITED STATES,TEXAS,COLORADO,29800.0,,29700.0,100.0
235,1986,UNITED STATES,TEXAS,COLORADO,33900.0,,33700.0,200.0
236,1985,UNITED STATES,TEXAS,COLORADO,36400.0,,36300.0,100.0
237,1984,UNITED STATES,TEXAS,COLORADO,44100.0,,44000.0,100.0
238,1983,UNITED STATES,TEXAS,COLORADO,36000.0,,35800.0,200.0
239,1982,UNITED STATES,TEXAS,COLORADO,45000.0,,44800.0,200.0
240,1981,UNITED STATES,TEXAS,COLORADO,51200.0,,51200.0,0.0
241,1980,UNITED STATES,TEXAS,COLORADO,48200.0,,47900.0,300.0
242,1979,UNITED STATES,TEXAS,COLORADO,47000.0,,47000.0,0.0
243,1978,UNITED STATES,TEXAS,COLORADO,48500.0,,48400.0,100.0
244,1977,UNITED STATES,TEXAS,COLORADO,46500.0,,46500.0,0.0
245,1976,UNITED STATES,TEXAS,COLORADO,41600.0,,41500.0,100.0
246,1975,UNITED STATES,TEXAS,COLORADO,41800.0,,41600.0,200.0
247,1974,UNITED STATES,TEXAS,COLORADO,42850.0,,42500.0,350.0
248,1973,UNITED STATES,TEXAS,COLORADO,43300.0,,43200.0,100.0
249,1972,UNITED STATES,TEXAS,COLORADO,37800.0,,37700.0,100.0
250,1971,UNITED STATES,TEXAS,COLORADO,38250.0,,38100.0,150.0
251,1970,UNITED STATES,TEXAS,COLORADO,35900.0,,35750.0,150.0
252,1969,UNITED STATES,TEXAS,COLORADO,42100.0,,41950.0,150.0
253,1968,UNITED STATES,TEXAS,COLORADO,44100.0,,44000.0,100.0
254,2009,UNITED STATES,TEXAS,LAVACA,1200.0,,1200.0,0.0
255,2008,UNITED STATES,TEXAS,LAVACA,1700.0,,1700.0,0.0
256,2007,UNITED STATES,TEXAS,LAVACA,1100.0,,1336.0,-236.0
257,2006,UNITED STATES,TEXAS,LAVACA,1100.0,,1100.0,0.0
258,2005,UNITED STATES,TEXAS,LAVACA,1800.0,,1800.0,0.0
259,2004,UNITED STATES,TEXAS,LAVACA,2200.0,,2200.0,0.0
260,2003,UNITED STATES,TEXAS,LAVACA,1600.0,,1600.0,0.0
261,2002,UNITED STATES,TEXAS,LAVACA,1800.0,,1605.0,195.0
262,2001,UNITED STATES,TEXAS,LAVACA,1800.0,,1800.0,0.0
263,2000,UNITED STATES,TEXAS,LAVACA,1700.0,,1700.0,0.0
264,1999,UNITED STATES,TEXAS,LAVACA,2100.0,,2100.0,0.0
265,1998,UNITED STATES,TEXAS,LAVACA,2700.0,,2700.0,0.0
266,1997,UNITED STATES,TEXAS,LAVACA,2700.0,,2694.0,6.0
267,1996,UNITED STATES,TEXAS,LAVACA,4700.0,,4700.0,0.0
268,1995,UNITED STATES,TEXAS,LAVACA,3600.0,,3600.0,0.0
269,1994,UNITED STATES,TEXAS,LAVACA,4000.0,,4000.0,0.0
270,1993,UNITED STATES,TEXAS,LAVACA,3600.0,,3500.0,100.0
271,1992,UNITED STATES,TEXAS,LAVACA,3800.0,,3800.0,0.0
272,1991,UNITED STATES,TEXAS,LAVACA,4200.0,,4100.0,100.0
273,1990,UNITED STATES,TEXAS,LAVACA,4600.0,,4600.0,0.0
274,1989,UNITED STATES,TEXAS,LAVACA,4100.0,,4100.0,0.0
275,1988,UNITED STATES,TEXAS,LAVACA,4800.0,,4800.0,0.0
276,1987,UNITED STATES,TEXAS,LAVACA,3600.0,,3600.0,0.0
277,1986,UNITED STATES,TEXAS,LAVACA,4100.0,,4100.0,0.0
278,1985,UNITED STATES,TEXAS,LAVACA,4800.0,,4700.0,100.0
279,1984,UNITED STATES,TEXAS,LAVACA,5500.0,,5400.0,100.0
280,1983,UNITED STATES,TEXAS,LAVACA,3700.0,,3700.0,0.0
281,1982,UNITED STATES,TEXAS,LAVACA,4800.0,,4800.0,0.0
282,1981,UNITED STATES,TEXAS,LAVACA,7300.0,,7300.0,0.0
283,1980,UNITED STATES,TEXAS,LAVACA,7900.0,,7900.0,0.0
284,1979,UNITED STATES,TEXAS,LAVACA,7300.0,,7300.0,0.0
285,1978,UNITED STATES,TEXAS,LAVACA,7500.0,,7450.0,50.0
286,1977,UNITED STATES,TEXAS,LAVACA,7100.0,,7000.0,100.0
287,1976,UNITED STATES,TEXAS,LAVACA,7000.0,,6900.0,100.0
288,1975,UNITED STATES,TEXAS,LAVACA,7250.0,,7200.0,50.0
289,1974,UNITED STATES,TEXAS,LAVACA,7300.0,,7260.0,40.0
290,1973,UNITED STATES,TEXAS,LAVACA,6890.0,,6800.0,90.0
291,1972,UNITED STATES,TEXAS,LAVACA,6260.0,,6260.0,0.0
292,1971,UNITED STATES,TEXAS,LAVACA,6170.0,,6140.0,30.0
293,1970,UNITED STATES,TEXAS,LAVACA,6060.0,,6040.0,20.0
294,1969,UNITED STATES,TEXAS,LAVACA,7050.0,,7030.0,20.0
295,1968,UNITED STATES,TEXAS,LAVACA,7000.0,,6900.0,100.0
296,2019,UNITED STATES,TEXAS,OTHER (COMBINED) COUNTIES,4800.0,,4800.0,0.0
297,2018,UNITED STATES,TEXAS,OTHER (COMBINED) COUNTIES,5100.0,,5100.0,0.0
298,2017,UNITED STATES,TEXAS,OTHER (COMBINED) COUNTIES,4700.0,,4300.0,400.0
299,2016,UNITED STATES,TEXAS,OTHER (COMBINED) COUNTIES,4900.0,,4900.0,0.0
300,2014,UNITED STATES,TEXAS,OTHER (COMBINED) COUNTIES,4400.0,,4300.0,100.0
301,2012,UNITED STATES,TEXAS,OTHER (COMBINED) COUNTIES,21600.0,,21400.0,200.0
302,2011,UNITED STATES,TEXAS,OTHER (COMBINED) COUNTIES,2200.0,,2200.0,0.0
303,2010,UNITED STATES,TEXAS,OTHER (COMBINED) COUNTIES,31500.0,,31200.0,300.0
304,2009,UNITED STATES,TEXAS,OTHER (COMBINED) COUNTIES,500.0,,700.0,-200.0
305,2007,UNITED STATES,TEXAS,OTHER (COMBINED) COUNTIES,1000.0,,900.0,100.0
306,2006,UNITED STATES,TEXAS,OTHER (COMBINED) COUNTIES,900.0,,900.0,0.0
307,2019,UNITED STATES,TEXAS,BRAZORIA,16500.0,,16500.0,0.0
308,2018,UNITED STATES,TEXAS,BRAZORIA,17300.0,,16100.0,1200.0
309,2017,UNITED STATES,TEXAS,BRAZORIA,16000.0,,15271.0,729.0
310,2016,UNITED STATES,TEXAS,BRAZORIA,16900.0,,16800.0,100.0
311,2015,UNITED STATES,TEXAS,BRAZORIA,7500.0,,7460.0,40.0
312,2013,UNITED STATES,TEXAS,BRAZORIA,18400.0,,18400.0,0.0
313,2012,UNITED STATES,TEXAS,BRAZORIA,15300.0,,15437.0,-137.0
314,2010,UNITED STATES,TEXAS,BRAZORIA,17400.0,,17400.0,0.0
315,2009,UNITED STATES,TEXAS,BRAZORIA,16700.0,,16700.0,0.0
316,2008,UNITED STATES,TEXAS,BRAZORIA,15200.0,,15200.0,0.0
317,2007,UNITED STATES,TEXAS,BRAZORIA,11700.0,,8984.0,2716.0
318,2006,UNITED STATES,TEXAS,BRAZORIA,13100.0,,13100.0,0.0
319,2005,UNITED STATES,TEXAS,BRAZORIA,16000.0,,15600.0,400.0
320,2004,UNITED STATES,TEXAS,BRAZORIA,17200.0,,16900.0,300.0
321,2003,UNITED STATES,TEXAS,BRAZORIA,10800.0,,10700.0,100.0
322,2002,UNITED STATES,TEXAS,BRAZORIA,14100.0,,13066.0,1034.0
323,2001,UNITED STATES,TEXAS,BRAZORIA,15100.0,,15100.0,0.0
324,2000,UNITED STATES,TEXAS,BRAZORIA,15000.0,,15000.0,0.0
325,1999,UNITED STATES,TEXAS,BRAZORIA,20500.0,,20500.0,0.0
326,1998,UNITED STATES,TEXAS,BRAZORIA,24100.0,,24000.0,100.0
327,1997,UNITED STATES,TEXAS,BRAZORIA,19400.0,,19428.0,-28.0
328,1996,UNITED STATES,TEXAS,BRAZORIA,21000.0,,21000.0,0.0
329,1995,UNITED STATES,TEXAS,BRAZORIA,30700.0,,30300.0,400.0
330,1994,UNITED STATES,TEXAS,BRAZORIA,32900.0,,32900.0,0.0
331,1993,UNITED STATES,TEXAS,BRAZORIA,29000.0,,28900.0,100.0
332,1992,UNITED STATES,TEXAS,BRAZORIA,31600.0,,31500.0,100.0
333,1991,UNITED STATES,TEXAS,BRAZORIA,29500.0,,29300.0,200.0
334,1990,UNITED STATES,TEXAS,BRAZORIA,31100.0,,30900.0,200.0
335,1989,UNITED STATES,TEXAS,BRAZORIA,31600.0,,31400.0,200.0
336,1988,UNITED STATES,TEXAS,BRAZORIA,40600.0,,40400.0,200.0
337,1987,UNITED STATES,TEXAS,BRAZORIA,27800.0,,27700.0,100.0
338,1986,UNITED STATES,TEXAS,BRAZORIA,32800.0,,32800.0,0.0
339,1985,UNITED STATES,TEXAS,BRAZORIA,36500.0,,36400.0,100.0
340,1984,UNITED STATES,TEXAS,BRAZORIA,43800.0,,43600.0,200.0
341,1983,UNITED STATES,TEXAS,BRAZORIA,32500.0,,32400.0,100.0
342,1982,UNITED STATES,TEXAS,BRAZORIA,49000.0,,48900.0,100.0
343,1981,UNITED STATES,TEXAS,BRAZORIA,62100.0,,61700.0,400.0
344,1980,UNITED STATES,TEXAS,BRAZORIA,69200.0,,68900.0,300.0
345,1979,UNITED STATES,TEXAS,BRAZORIA,61300.0,,61200.0,100.0
346,1978,UNITED STATES,TEXAS,BRAZORIA,64000.0,,63800.0,200.0
347,1977,UNITED STATES,TEXAS,BRAZORIA,58100.0,,58000.0,100.0
348,1976,UNITED STATES,TEXAS,BRAZORIA,58000.0,,57700.0,300.0
349,1975,UNITED STATES,TEXAS,BRAZORIA,59700.0,,59500.0,200.0
350,1974,UNITED STATES,TEXAS,BRAZORIA,59750.0,,59550.0,200.0
351,1973,UNITED STATES,TEXAS,BRAZORIA,54800.0,,54300.0,500.0
352,1972,UNITED STATES,TEXAS,BRAZORIA,45600.0,,45500.0,100.0
353,1971,UNITED STATES,TEXAS,BRAZORIA,47700.0,,47500.0,200.0
354,1970,UNITED STATES,TEXAS,BRAZORIA,50550.0,,50350.0,200.0
355,1969,UNITED STATES,TEXAS,BRAZORIA,58500.0,,58300.0,200.0
356,1968,UNITED STATES,TEXAS,BRAZORIA,63150.0,,62900.0,250.0
357,2014,UNITED STATES,TEXAS,CALHOUN,1600.0,,1550.0,50.0
358,2011,UNITED STATES,TEXAS,CALHOUN,2300.0,,2300.0,0.0
359,2010,UNITED STATES,TEXAS,CALHOUN,2300.0,,2200.0,100.0
360,2009,UNITED STATES,TEXAS,CALHOUN,2100.0,,2100.0,0.0
361,2008,UNITED STATES,TEXAS,CALHOUN,2800.0,,2800.0,0.0
362,2007,UNITED STATES,TEXAS,CALHOUN,2100.0,,2997.0,-897.0
363,2006,UNITED STATES,TEXAS,CALHOUN,2800.0,,2800.0,0.0
364,2005,UNITED STATES,TEXAS,CALHOUN,2500.0,,2500.0,0.0
365,2004,UNITED STATES,TEXAS,CALHOUN,2600.0,,2600.0,0.0
366,2003,UNITED STATES,TEXAS,CALHOUN,2000.0,,2000.0,0.0
367,2002,UNITED STATES,TEXAS,CALHOUN,1500.0,,2245.0,-745.0
368,2001,UNITED STATES,TEXAS,CALHOUN,1500.0,,1500.0,0.0
369,2000,UNITED STATES,TEXAS,CALHOUN,1900.0,,1900.0,0.0
370,1999,UNITED STATES,TEXAS,CALHOUN,3400.0,,3400.0,0.0
371,1998,UNITED STATES,TEXAS,CALHOUN,3900.0,,3600.0,300.0
372,1997,UNITED STATES,TEXAS,CALHOUN,2500.0,,2811.0,-311.0
373,1996,UNITED STATES,TEXAS,CALHOUN,4700.0,,4700.0,0.0
374,1995,UNITED STATES,TEXAS,CALHOUN,4900.0,,4900.0,0.0
375,1994,UNITED STATES,TEXAS,CALHOUN,5700.0,,5700.0,0.0
376,1993,UNITED STATES,TEXAS,CALHOUN,4200.0,,4200.0,0.0
377,1992,UNITED STATES,TEXAS,CALHOUN,5100.0,,4900.0,200.0
378,1991,UNITED STATES,TEXAS,CALHOUN,6300.0,,6200.0,100.0
379,1990,UNITED STATES,TEXAS,CALHOUN,6200.0,,6200.0,0.0
380,1989,UNITED STATES,TEXAS,CALHOUN,6100.0,,6000.0,100.0
381,1988,UNITED STATES,TEXAS,CALHOUN,7200.0,,7200.0,0.0
382,1987,UNITED STATES,TEXAS,CALHOUN,4900.0,,4900.0,0.0
383,1986,UNITED STATES,TEXAS,CALHOUN,5200.0,,5200.0,0.0
384,1985,UNITED STATES,TEXAS,CALHOUN,6700.0,,6600.0,100.0
385,1984,UNITED STATES,TEXAS,CALHOUN,7900.0,,7900.0,0.0
386,1983,UNITED STATES,TEXAS,CALHOUN,6000.0,,6000.0,0.0
387,1982,UNITED STATES,TEXAS,CALHOUN,12400.0,,12300.0,100.0
388,1981,UNITED STATES,TEXAS,CALHOUN,13000.0,,13000.0,0.0
389,1980,UNITED STATES,TEXAS,CALHOUN,14300.0,,14000.0,300.0
390,1979,UNITED STATES,TEXAS,CALHOUN,13200.0,,13200.0,0.0
391,1978,UNITED STATES,TEXAS,CALHOUN,11700.0,,11650.0,50.0
392,1977,UNITED STATES,TEXAS,CALHOUN,11500.0,,11500.0,0.0
393,1976,UNITED STATES,TEXAS,CALHOUN,8100.0,,7800.0,300.0
394,1975,UNITED STATES,TEXAS,CALHOUN,11000.0,,10900.0,100.0
395,1974,UNITED STATES,TEXAS,CALHOUN,11000.0,,10950.0,50.0
396,1973,UNITED STATES,TEXAS,CALHOUN,9100.0,,8800.0,300.0
397,1972,UNITED STATES,TEXAS,CALHOUN,6280.0,,6280.0,0.0
398,1971,UNITED STATES,TEXAS,CALHOUN,6250.0,,6200.0,50.0
399,1970,UNITED STATES,TEXAS,CALHOUN,6860.0,,6850.0,10.0
400,1969,UNITED STATES,TEXAS,CALHOUN,8100.0,,8070.0,30.0
401,1968,UNITED STATES,TEXAS,CALHOUN,8500.0,,8450.0,50.0
402,2019,UNITED STATES,TEXAS,CHAMBERS,20000.0,,16900.0,3100.0
403,2018,UNITED STATES,TEXAS,CHAMBERS,26000.0,,23400.0,2600.0
404,2017,UNITED STATES,TEXAS,CHAMBERS,24000.0,,17898.0,6102.0
405,2016,UNITED STATES,TEXAS,CHAMBERS,20200.0,,16800.0,3400.0
406,2015,UNITED STATES,TEXAS,CHAMBERS,14700.0,,13100.0,1600.0
407,2014,UNITED STATES,TEXAS,CHAMBERS,23100.0,,22600.0,500.0
408,2013,UNITED STATES,TEXAS,CHAMBERS,20500.0,,20400.0,100.0
409,2012,UNITED STATES,TEXAS,CHAMBERS,18200.0,,13123.0,5077.0
410,2010,UNITED STATES,TEXAS,CHAMBERS,11700.0,,11700.0,0.0
411,2009,UNITED STATES,TEXAS,CHAMBERS,2500.0,,2500.0,0.0
412,2008,UNITED STATES,TEXAS,CHAMBERS,13100.0,,11000.0,2100.0
413,2007,UNITED STATES,TEXAS,CHAMBERS,8400.0,,9738.0,-1338.0
414,2006,UNITED STATES,TEXAS,CHAMBERS,8200.0,,8200.0,0.0
415,2005,UNITED STATES,TEXAS,CHAMBERS,12800.0,,12700.0,100.0
416,2004,UNITED STATES,TEXAS,CHAMBERS,16300.0,,16000.0,300.0
417,2003,UNITED STATES,TEXAS,CHAMBERS,11100.0,,11000.0,100.0
418,2002,UNITED STATES,TEXAS,CHAMBERS,13300.0,,12050.0,1250.0
419,2001,UNITED STATES,TEXAS,CHAMBERS,13500.0,,13500.0,0.0
420,2000,UNITED STATES,TEXAS,CHAMBERS,11800.0,,11800.0,0.0
421,1999,UNITED STATES,TEXAS,CHAMBERS,18200.0,,18200.0,0.0
422,1998,UNITED STATES,TEXAS,CHAMBERS,22200.0,,22100.0,100.0
423,1997,UNITED STATES,TEXAS,CHAMBERS,20500.0,,22133.0,-1633.0
424,1996,UNITED STATES,TEXAS,CHAMBERS,23200.0,,23200.0,0.0
425,1995,UNITED STATES,TEXAS,CHAMBERS,28500.0,,28500.0,0.0
426,1994,UNITED STATES,TEXAS,CHAMBERS,30700.0,,30400.0,300.0
427,1993,UNITED STATES,TEXAS,CHAMBERS,26700.0,,26600.0,100.0
428,1992,UNITED STATES,TEXAS,CHAMBERS,30700.0,,30700.0,0.0
429,1991,UNITED STATES,TEXAS,CHAMBERS,29000.0,,28800.0,200.0
430,1990,UNITED STATES,TEXAS,CHAMBERS,30300.0,,29300.0,1000.0
431,1989,UNITED STATES,TEXAS,CHAMBERS,27100.0,,26900.0,200.0
432,1988,UNITED STATES,TEXAS,CHAMBERS,29400.0,,29200.0,200.0
433,1987,UNITED STATES,TEXAS,CHAMBERS,21400.0,,21300.0,100.0
434,1986,UNITED STATES,TEXAS,CHAMBERS,21800.0,,21700.0,100.0
435,1985,UNITED STATES,TEXAS,CHAMBERS,26200.0,,26100.0,100.0
436,1984,UNITED STATES,TEXAS,CHAMBERS,33300.0,,33200.0,100.0
437,1983,UNITED STATES,TEXAS,CHAMBERS,30000.0,,29900.0,100.0
438,1982,UNITED STATES,TEXAS,CHAMBERS,44000.0,,44000.0,0.0
439,1981,UNITED STATES,TEXAS,CHAMBERS,57000.0,,56700.0,300.0
440,1980,UNITED STATES,TEXAS,CHAMBERS,59700.0,,59400.0,300.0
441,1979,UNITED STATES,TEXAS,CHAMBERS,55300.0,,55200.0,100.0
442,1978,UNITED STATES,TEXAS,CHAMBERS,56000.0,,55900.0,100.0
443,1977,UNITED STATES,TEXAS,CHAMBERS,44100.0,,44000.0,100.0
444,1976,UNITED STATES,TEXAS,CHAMBERS,47000.0,,46800.0,200.0
445,1975,UNITED STATES,TEXAS,CHAMBERS,48700.0,,48600.0,100.0
446,1974,UNITED STATES,TEXAS,CHAMBERS,50500.0,,49900.0,600.0
447,1973,UNITED STATES,TEXAS,CHAMBERS,52700.0,,52100.0,600.0
448,1972,UNITED STATES,TEXAS,CHAMBERS,42600.0,,42500.0,100.0
449,1971,UNITED STATES,TEXAS,CHAMBERS,42900.0,,42700.0,200.0
450,1970,UNITED STATES,TEXAS,CHAMBERS,44450.0,,44250.0,200.0
451,1969,UNITED STATES,TEXAS,CHAMBERS,51500.0,,51300.0,200.0
452,1968,UNITED STATES,TEXAS,CHAMBERS,60100.0,,60000.0,100.0
453,2018,UNITED STATES,TEXAS,FORT BEND,5100.0,,5100.0,0.0
454,2017,UNITED STATES,TEXAS,FORT BEND,4700.0,,7844.0,-3144.0
455,2016,UNITED STATES,TEXAS,FORT BEND,5800.0,,5800.0,0.0
456,2015,UNITED STATES,TEXAS,FORT BEND,5500.0,,5500.0,0.0
457,2014,UNITED STATES,TEXAS,FORT BEND,5600.0,,5500.0,100.0
458,2013,UNITED STATES,TEXAS,FORT BEND,5800.0,,5800.0,0.0
459,2012,UNITED STATES,TEXAS,FORT BEND,5500.0,,5390.0,110.0
460,2011,UNITED STATES,TEXAS,FORT BEND,5800.0,,5800.0,0.0
461,2010,UNITED STATES,TEXAS,FORT BEND,5800.0,,5800.0,0.0
462,2009,UNITED STATES,TEXAS,FORT BEND,6400.0,,6400.0,0.0
463,2008,UNITED STATES,TEXAS,FORT BEND,5700.0,,5700.0,0.0
464,2007,UNITED STATES,TEXAS,FORT BEND,5000.0,,4232.0,768.0
465,2006,UNITED STATES,TEXAS,FORT BEND,5400.0,,5400.0,0.0
466,2005,UNITED STATES,TEXAS,FORT BEND,6900.0,,6900.0,0.0
467,2004,UNITED STATES,TEXAS,FORT BEND,8600.0,,8500.0,100.0
468,2003,UNITED STATES,TEXAS,FORT BEND,6800.0,,6700.0,100.0
469,2002,UNITED STATES,TEXAS,FORT BEND,8700.0,,10998.0,-2298.0
470,2001,UNITED STATES,TEXAS,FORT BEND,8700.0,,8700.0,0.0
471,2000,UNITED STATES,TEXAS,FORT BEND,9000.0,,9000.0,0.0
472,1999,UNITED STATES,TEXAS,FORT BEND,10700.0,,10700.0,0.0
473,1998,UNITED STATES,TEXAS,FORT BEND,10900.0,,10900.0,0.0
474,1997,UNITED STATES,TEXAS,FORT BEND,10500.0,,11662.0,-1162.0
475,1996,UNITED STATES,TEXAS,FORT BEND,10600.0,,10600.0,0.0
476,1995,UNITED STATES,TEXAS,FORT BEND,11300.0,,11300.0,0.0
477,1994,UNITED STATES,TEXAS,FORT BEND,11600.0,,11600.0,0.0
478,1993,UNITED STATES,TEXAS,FORT BEND,10200.0,,10100.0,100.0
479,1992,UNITED STATES,TEXAS,FORT BEND,13300.0,,13000.0,300.0
480,1991,UNITED STATES,TEXAS,FORT BEND,13500.0,,13400.0,100.0
481,1990,UNITED STATES,TEXAS,FORT BEND,14100.0,,14100.0,0.0
482,1989,UNITED STATES,TEXAS,FORT BEND,14000.0,,13800.0,200.0
483,1988,UNITED STATES,TEXAS,FORT BEND,14500.0,,14400.0,100.0
484,1987,UNITED STATES,TEXAS,FORT BEND,10100.0,,10000.0,100.0
485,1986,UNITED STATES,TEXAS,FORT BEND,10900.0,,10900.0,0.0
486,1985,UNITED STATES,TEXAS,FORT BEND,13500.0,,13500.0,0.0
487,1984,UNITED STATES,TEXAS,FORT BEND,18500.0,,18400.0,100.0
488,1983,UNITED STATES,TEXAS,FORT BEND,14800.0,,14700.0,100.0
489,1982,UNITED STATES,TEXAS,FORT BEND,21500.0,,21500.0,0.0
490,1981,UNITED STATES,TEXAS,FORT BEND,27700.0,,27700.0,0.0
491,1980,UNITED STATES,TEXAS,FORT BEND,26700.0,,26600.0,100.0
492,1979,UNITED STATES,TEXAS,FORT BEND,26000.0,,25700.0,300.0
493,1978,UNITED STATES,TEXAS,FORT BEND,27200.0,,27050.0,150.0
494,1977,UNITED STATES,TEXAS,FORT BEND,25700.0,,25700.0,0.0
495,1976,UNITED STATES,TEXAS,FORT BEND,25500.0,,25400.0,100.0
496,1975,UNITED STATES,TEXAS,FORT BEND,25900.0,,25800.0,100.0
497,1974,UNITED STATES,TEXAS,FORT BEND,26850.0,,26800.0,50.0
498,1973,UNITED STATES,TEXAS,FORT BEND,25350.0,,25100.0,250.0
499,1972,UNITED STATES,TEXAS,FORT BEND,22100.0,,22000.0,100.0
500,1971,UNITED STATES,TEXAS,FORT BEND,22050.0,,21950.0,100.0
501,1970,UNITED STATES,TEXAS,FORT BEND,23100.0,,23050.0,50.0
502,1969,UNITED STATES,TEXAS,FORT BEND,25400.0,,25300.0,100.0
503,1968,UNITED STATES,TEXAS,FORT BEND,27600.0,,27300.0,300.0
504,2009,UNITED STATES,TEXAS,GALVESTON,1300.0,,1300.0,0.0
505,2004,UNITED STATES,TEXAS,GALVESTON,1000.0,,1000.0,0.0
506,1999,UNITED STATES,TEXAS,GALVESTON,1600.0,,1600.0,0.0
507,1998,UNITED STATES,TEXAS,GALVESTON,2100.0,,2100.0,0.0
508,1997,UNITED STATES,TEXAS,GALVESTON,1300.0,,1323.0,-23.0
509,1996,UNITED STATES,TEXAS,GALVESTON,2400.0,,2400.0,0.0
510,1995,UNITED STATES,TEXAS,GALVESTON,4000.0,,4000.0,0.0
511,1994,UNITED STATES,TEXAS,GALVESTON,3800.0,,3800.0,0.0
512,1993,UNITED STATES,TEXAS,GALVESTON,3700.0,,3700.0,0.0
513,1992,UNITED STATES,TEXAS,GALVESTON,3900.0,,3900.0,0.0
514,1991,UNITED STATES,TEXAS,GALVESTON,3600.0,,3600.0,0.0
515,1990,UNITED STATES,TEXAS,GALVESTON,4200.0,,4200.0,0.0
516,1989,UNITED STATES,TEXAS,GALVESTON,4500.0,,4500.0,0.0
517,1988,UNITED STATES,TEXAS,GALVESTON,4800.0,,4800.0,0.0
518,1987,UNITED STATES,TEXAS,GALVESTON,4000.0,,4000.0,0.0
519,1986,UNITED STATES,TEXAS,GALVESTON,4100.0,,4100.0,0.0
520,1985,UNITED STATES,TEXAS,GALVESTON,4900.0,,4900.0,0.0
521,1984,UNITED STATES,TEXAS,GALVESTON,5700.0,,5700.0,0.0
522,1983,UNITED STATES,TEXAS,GALVESTON,6600.0,,6400.0,200.0
523,1982,UNITED STATES,TEXAS,GALVESTON,8600.0,,8600.0,0.0
524,1981,UNITED STATES,TEXAS,GALVESTON,11200.0,,11200.0,0.0
525,1980,UNITED STATES,TEXAS,GALVESTON,10600.0,,10400.0,200.0
526,1979,UNITED STATES,TEXAS,GALVESTON,11000.0,,11000.0,0.0
527,1978,UNITED STATES,TEXAS,GALVESTON,10400.0,,10300.0,100.0
528,1977,UNITED STATES,TEXAS,GALVESTON,6900.0,,6800.0,100.0
529,1976,UNITED STATES,TEXAS,GALVESTON,5800.0,,5800.0,0.0
530,1975,UNITED STATES,TEXAS,GALVESTON,7250.0,,7200.0,50.0
531,1974,UNITED STATES,TEXAS,GALVESTON,6600.0,,6490.0,110.0
532,1973,UNITED STATES,TEXAS,GALVESTON,5000.0,,4440.0,560.0
533,1972,UNITED STATES,TEXAS,GALVESTON,4710.0,,4710.0,0.0
534,1971,UNITED STATES,TEXAS,GALVESTON,5360.0,,5340.0,20.0
535,1970,UNITED STATES,TEXAS,GALVESTON,6020.0,,6000.0,20.0
536,1969,UNITED STATES,TEXAS,GALVESTON,10400.0,,10300.0,100.0
537,1968,UNITED STATES,TEXAS,GALVESTON,12600.0,,12400.0,200.0
538,2005,UNITED STATES,TEXAS,HARRIS,1200.0,,1200.0,0.0
539,2004,UNITED STATES,TEXAS,HARRIS,1600.0,,1600.0,0.0
540,2003,UNITED STATES,TEXAS,HARRIS,1800.0,,1800.0,0.0
541,2002,UNITED STATES,TEXAS,HARRIS,2100.0,,1484.0,616.0
542,2001,UNITED STATES,TEXAS,HARRIS,2000.0,,2000.0,0.0
543,2000,UNITED STATES,TEXAS,HARRIS,3000.0,,3000.0,0.0
544,1999,UNITED STATES,TEXAS,HARRIS,5500.0,,5500.0,0.0
545,1998,UNITED STATES,TEXAS,HARRIS,6300.0,,6300.0,0.0
546,1997,UNITED STATES,TEXAS,HARRIS,6600.0,,7448.0,-848.0
547,1996,UNITED STATES,TEXAS,HARRIS,8300.0,,8200.0,100.0
548,1995,UNITED STATES,TEXAS,HARRIS,8300.0,,8100.0,200.0
549,1994,UNITED STATES,TEXAS,HARRIS,9700.0,,9600.0,100.0
550,1993,UNITED STATES,TEXAS,HARRIS,8800.0,,8800.0,0.0
551,1992,UNITED STATES,TEXAS,HARRIS,9800.0,,9800.0,0.0
552,1991,UNITED STATES,TEXAS,HARRIS,9000.0,,8900.0,100.0
553,1990,UNITED STATES,TEXAS,HARRIS,9800.0,,9800.0,0.0
554,1989,UNITED STATES,TEXAS,HARRIS,9500.0,,9400.0,100.0
555,1988,UNITED STATES,TEXAS,HARRIS,11500.0,,11400.0,100.0
556,1987,UNITED STATES,TEXAS,HARRIS,8300.0,,8300.0,0.0
557,1986,UNITED STATES,TEXAS,HARRIS,8400.0,,8400.0,0.0
558,1985,UNITED STATES,TEXAS,HARRIS,9600.0,,9600.0,0.0
559,1984,UNITED STATES,TEXAS,HARRIS,13300.0,,13200.0,100.0
560,1983,UNITED STATES,TEXAS,HARRIS,11800.0,,11700.0,100.0
561,1982,UNITED STATES,TEXAS,HARRIS,18000.0,,17900.0,100.0
562,1981,UNITED STATES,TEXAS,HARRIS,22500.0,,22500.0,0.0
563,1980,UNITED STATES,TEXAS,HARRIS,22400.0,,22000.0,400.0
564,1979,UNITED STATES,TEXAS,HARRIS,23500.0,,23300.0,200.0
565,1978,UNITED STATES,TEXAS,HARRIS,25100.0,,25000.0,100.0
566,1977,UNITED STATES,TEXAS,HARRIS,23200.0,,23100.0,100.0
567,1976,UNITED STATES,TEXAS,HARRIS,26000.0,,25900.0,100.0
568,1975,UNITED STATES,TEXAS,HARRIS,31800.0,,31600.0,200.0
569,1974,UNITED STATES,TEXAS,HARRIS,30900.0,,30850.0,50.0
570,1973,UNITED STATES,TEXAS,HARRIS,31350.0,,31000.0,350.0
571,1972,UNITED STATES,TEXAS,HARRIS,27600.0,,27600.0,0.0
572,1971,UNITED STATES,TEXAS,HARRIS,28300.0,,28200.0,100.0
573,1970,UNITED STATES,TEXAS,HARRIS,28550.0,,28450.0,100.0
574,1969,UNITED STATES,TEXAS,HARRIS,35400.0,,35300.0,100.0
575,1968,UNITED STATES,TEXAS,HARRIS,40300.0,,40200.0,100.0
576,2020,UNITED STATES,TEXAS,JACKSON,8400.0,1.0,8400.0,0.0
577,2019,UNITED STATES,TEXAS,JACKSON,8800.0,,8800.0,0.0
578,2015,UNITED STATES,TEXAS,JACKSON,9600.0,,9330.0,270.0
579,2013,UNITED STATES,TEXAS,JACKSON,10500.0,,10500.0,0.0
580,2011,UNITED STATES,TEXAS,JACKSON,11900.0,,11700.0,200.0
581,2010,UNITED STATES,TEXAS,JACKSON,10900.0,,10800.0,100.0
582,2009,UNITED STATES,TEXAS,JACKSON,11400.0,,11400.0,0.0
583,2008,UNITED STATES,TEXAS,JACKSON,9900.0,,9900.0,0.0
584,2007,UNITED STATES,TEXAS,JACKSON,10300.0,,7443.0,2857.0
585,2006,UNITED STATES,TEXAS,JACKSON,10000.0,,10000.0,0.0
586,2005,UNITED STATES,TEXAS,JACKSON,12700.0,,12700.0,0.0
587,2004,UNITED STATES,TEXAS,JACKSON,15000.0,,14200.0,800.0
588,2003,UNITED STATES,TEXAS,JACKSON,13700.0,,13600.0,100.0
589,2002,UNITED STATES,TEXAS,JACKSON,14100.0,,14193.0,-93.0
590,2001,UNITED STATES,TEXAS,JACKSON,15800.0,,15800.0,0.0
591,2000,UNITED STATES,TEXAS,JACKSON,18000.0,,18000.0,0.0
592,1999,UNITED STATES,TEXAS,JACKSON,19300.0,,19300.0,0.0
593,1998,UNITED STATES,TEXAS,JACKSON,20800.0,,20800.0,0.0
594,1997,UNITED STATES,TEXAS,JACKSON,20200.0,,18833.0,1367.0
595,1996,UNITED STATES,TEXAS,JACKSON,27700.0,,27700.0,0.0
596,1995,UNITED STATES,TEXAS,JACKSON,27900.0,,27900.0,0.0
597,1994,UNITED STATES,TEXAS,JACKSON,31000.0,,31000.0,0.0
598,1993,UNITED STATES,TEXAS,JACKSON,25800.0,,25600.0,200.0
599,1992,UNITED STATES,TEXAS,JACKSON,31600.0,,31400.0,200.0
600,1991,UNITED STATES,TEXAS,JACKSON,30100.0,,30100.0,0.0
601,1990,UNITED STATES,TEXAS,JACKSON,30600.0,,30600.0,0.0
602,1989,UNITED STATES,TEXAS,JACKSON,29800.0,,29700.0,100.0
603,1988,UNITED STATES,TEXAS,JACKSON,31500.0,,31400.0,100.0
604,1987,UNITED STATES,TEXAS,JACKSON,23100.0,,23000.0,100.0
605,1986,UNITED STATES,TEXAS,JACKSON,24200.0,,24100.0,100.0
606,1985,UNITED STATES,TEXAS,JACKSON,24200.0,,24100.0,100.0
607,1984,UNITED STATES,TEXAS,JACKSON,32000.0,,31900.0,100.0
608,1983,UNITED STATES,TEXAS,JACKSON,23600.0,,23500.0,100.0
609,1982,UNITED STATES,TEXAS,JACKSON,36800.0,,36800.0,0.0
610,1981,UNITED STATES,TEXAS,JACKSON,45200.0,,45100.0,100.0
611,1980,UNITED STATES,TEXAS,JACKSON,46700.0,,46100.0,600.0
612,1979,UNITED STATES,TEXAS,JACKSON,42400.0,,42400.0,0.0
613,1978,UNITED STATES,TEXAS,JACKSON,41900.0,,41800.0,100.0
614,1977,UNITED STATES,TEXAS,JACKSON,35500.0,,35500.0,0.0
615,1976,UNITED STATES,TEXAS,JACKSON,38000.0,,37700.0,300.0
616,1975,UNITED STATES,TEXAS,JACKSON,39800.0,,39700.0,100.0
617,1974,UNITED STATES,TEXAS,JACKSON,40900.0,,40800.0,100.0
618,1973,UNITED STATES,TEXAS,JACKSON,38000.0,,37900.0,100.0
619,1972,UNITED STATES,TEXAS,JACKSON,33400.0,,33300.0,100.0
620,1971,UNITED STATES,TEXAS,JACKSON,32800.0,,32650.0,150.0
621,1970,UNITED STATES,TEXAS,JACKSON,31600.0,,31450.0,150.0
622,1969,UNITED STATES,TEXAS,JACKSON,34900.0,,34800.0,100.0
623,1968,UNITED STATES,TEXAS,JACKSON,37850.0,,37800.0,50.0
624,2020,UNITED STATES,TEXAS,JEFFERSON,20900.0,0.7,20300.0,600.0
625,2019,UNITED STATES,TEXAS,JEFFERSON,15800.0,,14100.0,1700.0
626,2018,UNITED STATES,TEXAS,JEFFERSON,22300.0,,22100.0,200.0
627,2017,UNITED STATES,TEXAS,JEFFERSON,20000.0,,20698.0,-698.0
628,2016,UNITED STATES,TEXAS,JEFFERSON,20000.0,,19300.0,700.0
629,2015,UNITED STATES,TEXAS,JEFFERSON,20000.0,,19700.0,300.0
630,2014,UNITED STATES,TEXAS,JEFFERSON,25000.0,,24600.0,400.0
631,2013,UNITED STATES,TEXAS,JEFFERSON,17700.0,,17500.0,200.0
632,2012,UNITED STATES,TEXAS,JEFFERSON,16400.0,,17269.0,-869.0
633,2011,UNITED STATES,TEXAS,JEFFERSON,16700.0,,16200.0,500.0
634,2010,UNITED STATES,TEXAS,JEFFERSON,16600.0,,16600.0,0.0
635,2009,UNITED STATES,TEXAS,JEFFERSON,13000.0,,13000.0,0.0
636,2008,UNITED STATES,TEXAS,JEFFERSON,17500.0,,16800.0,700.0
637,2007,UNITED STATES,TEXAS,JEFFERSON,14300.0,,13016.0,1284.0
638,2006,UNITED STATES,TEXAS,JEFFERSON,14300.0,,14300.0,0.0
639,2005,UNITED STATES,TEXAS,JEFFERSON,19300.0,,19000.0,300.0
640,2004,UNITED STATES,TEXAS,JEFFERSON,20200.0,,19900.0,300.0
641,2003,UNITED STATES,TEXAS,JEFFERSON,15400.0,,15400.0,0.0
642,2002,UNITED STATES,TEXAS,JEFFERSON,18400.0,,18889.0,-489.0
643,2001,UNITED STATES,TEXAS,JEFFERSON,19000.0,,19000.0,0.0
644,2000,UNITED STATES,TEXAS,JEFFERSON,19000.0,,18500.0,500.0
645,1999,UNITED STATES,TEXAS,JEFFERSON,23700.0,,22900.0,800.0
646,1998,UNITED STATES,TEXAS,JEFFERSON,25100.0,,24500.0,600.0
647,1997,UNITED STATES,TEXAS,JEFFERSON,25500.0,,29973.0,-4473.0
648,1996,UNITED STATES,TEXAS,JEFFERSON,32000.0,,31000.0,1000.0
649,1995,UNITED STATES,TEXAS,JEFFERSON,32700.0,,32600.0,100.0
650,1994,UNITED STATES,TEXAS,JEFFERSON,34700.0,,34500.0,200.0
651,1993,UNITED STATES,TEXAS,JEFFERSON,31000.0,,30900.0,100.0
652,1992,UNITED STATES,TEXAS,JEFFERSON,35200.0,,35200.0,0.0
653,1991,UNITED STATES,TEXAS,JEFFERSON,34000.0,,34000.0,0.0
654,1990,UNITED STATES,TEXAS,JEFFERSON,34200.0,,34200.0,0.0
655,1989,UNITED STATES,TEXAS,JEFFERSON,33200.0,,33000.0,200.0
656,1988,UNITED STATES,TEXAS,JEFFERSON,35200.0,,35100.0,100.0
657,1987,UNITED STATES,TEXAS,JEFFERSON,26400.0,,26300.0,100.0
658,1986,UNITED STATES,TEXAS,JEFFERSON,29100.0,,28900.0,200.0
659,1985,UNITED STATES,TEXAS,JEFFERSON,32900.0,,32800.0,100.0
660,1984,UNITED STATES,TEXAS,JEFFERSON,36000.0,,35700.0,300.0
661,1983,UNITED STATES,TEXAS,JEFFERSON,31300.0,,31000.0,300.0
662,1982,UNITED STATES,TEXAS,JEFFERSON,43000.0,,43000.0,0.0
663,1981,UNITED STATES,TEXAS,JEFFERSON,63900.0,,63900.0,0.0
664,1980,UNITED STATES,TEXAS,JEFFERSON,63800.0,,63600.0,200.0
665,1979,UNITED STATES,TEXAS,JEFFERSON,65300.0,,65200.0,100.0
666,1978,UNITED STATES,TEXAS,JEFFERSON,65800.0,,65700.0,100.0
667,1977,UNITED STATES,TEXAS,JEFFERSON,64500.0,,64400.0,100.0
668,1976,UNITED STATES,TEXAS,JEFFERSON,63300.0,,63200.0,100.0
669,1975,UNITED STATES,TEXAS,JEFFERSON,71000.0,,70800.0,200.0
670,1974,UNITED STATES,TEXAS,JEFFERSON,74540.0,,74300.0,240.0
671,1973,UNITED STATES,TEXAS,JEFFERSON,74200.0,,74100.0,100.0
672,1972,UNITED STATES,TEXAS,JEFFERSON,61200.0,,61100.0,100.0
673,1971,UNITED STATES,TEXAS,JEFFERSON,60500.0,,60250.0,250.0
674,1970,UNITED STATES,TEXAS,JEFFERSON,58950.0,,58700.0,250.0
675,1969,UNITED STATES,TEXAS,JEFFERSON,69350.0,,69150.0,200.0
676,1968,UNITED STATES,TEXAS,JEFFERSON,78500.0,,78300.0,200.0
677,2013,UNITED STATES,TEXAS,LIBERTY,5100.0,,5100.0,0.0
678,2012,UNITED STATES,TEXAS,LIBERTY,5300.0,,3127.0,2173.0
679,2011,UNITED STATES,TEXAS,LIBERTY,5400.0,,5200.0,200.0
680,2009,UNITED STATES,TEXAS,LIBERTY,6900.0,,6900.0,0.0
681,2008,UNITED STATES,TEXAS,LIBERTY,7600.0,,7600.0,0.0
682,2007,UNITED STATES,TEXAS,LIBERTY,4500.0,,3445.0,1055.0
683,2006,UNITED STATES,TEXAS,LIBERTY,5500.0,,5500.0,0.0
684,2005,UNITED STATES,TEXAS,LIBERTY,9400.0,,9300.0,100.0
685,2004,UNITED STATES,TEXAS,LIBERTY,10700.0,,10500.0,200.0
686,2003,UNITED STATES,TEXAS,LIBERTY,8000.0,,8000.0,0.0
687,2002,UNITED STATES,TEXAS,LIBERTY,9800.0,,8812.0,988.0
688,2001,UNITED STATES,TEXAS,LIBERTY,12700.0,,12700.0,0.0
689,2000,UNITED STATES,TEXAS,LIBERTY,8800.0,,8800.0,0.0
690,1999,UNITED STATES,TEXAS,LIBERTY,14900.0,,14900.0,0.0
691,1998,UNITED STATES,TEXAS,LIBERTY,19200.0,,19100.0,100.0
692,1997,UNITED STATES,TEXAS,LIBERTY,14300.0,,13067.0,1233.0
693,1996,UNITED STATES,TEXAS,LIBERTY,12900.0,,12800.0,100.0
694,1995,UNITED STATES,TEXAS,LIBERTY,19500.0,,19500.0,0.0
695,1994,UNITED STATES,TEXAS,LIBERTY,24400.0,,24400.0,0.0
696,1993,UNITED STATES,TEXAS,LIBERTY,20100.0,,19900.0,200.0
697,1992,UNITED STATES,TEXAS,LIBERTY,25800.0,,25800.0,0.0
698,1991,UNITED STATES,TEXAS,LIBERTY,24900.0,,24800.0,100.0
699,1990,UNITED STATES,TEXAS,LIBERTY,26100.0,,26100.0,0.0
700,1989,UNITED STATES,TEXAS,LIBERTY,27700.0,,27500.0,200.0
701,1988,UNITED STATES,TEXAS,LIBERTY,35600.0,,35300.0,300.0
702,1987,UNITED STATES,TEXAS,LIBERTY,19200.0,,19100.0,100.0
703,1986,UNITED STATES,TEXAS,LIBERTY,18300.0,,18100.0,200.0
704,1985,UNITED STATES,TEXAS,LIBERTY,23300.0,,23200.0,100.0
705,1984,UNITED STATES,TEXAS,LIBERTY,29200.0,,29000.0,200.0
706,1983,UNITED STATES,TEXAS,LIBERTY,22300.0,,21900.0,400.0
707,1982,UNITED STATES,TEXAS,LIBERTY,34100.0,,34100.0,0.0
708,1981,UNITED STATES,TEXAS,LIBERTY,37100.0,,37100.0,0.0
709,1980,UNITED STATES,TEXAS,LIBERTY,40200.0,,40000.0,200.0
710,1979,UNITED STATES,TEXAS,LIBERTY,36800.0,,34800.0,2000.0
711,1978,UNITED STATES,TEXAS,LIBERTY,41800.0,,41700.0,100.0
712,1977,UNITED STATES,TEXAS,LIBERTY,37500.0,,37500.0,0.0
713,1976,UNITED STATES,TEXAS,LIBERTY,36000.0,,35900.0,100.0
714,1975,UNITED STATES,TEXAS,LIBERTY,41800.0,,41700.0,100.0
715,1974,UNITED STATES,TEXAS,LIBERTY,44350.0,,44100.0,250.0
716,1973,UNITED STATES,TEXAS,LIBERTY,44100.0,,44000.0,100.0
717,1972,UNITED STATES,TEXAS,LIBERTY,36900.0,,36800.0,100.0
718,1971,UNITED STATES,TEXAS,LIBERTY,38250.0,,38100.0,150.0
719,1970,UNITED STATES,TEXAS,LIBERTY,37400.0,,37250.0,150.0
720,1969,UNITED STATES,TEXAS,LIBERTY,43700.0,,43500.0,200.0
721,1968,UNITED STATES,TEXAS,LIBERTY,45250.0,,45200.0,50.0
722,2020,UNITED STATES,TEXAS,MATAGORDA,12200.0,0.8,12100.0,100.0
723,2019,UNITED STATES,TEXAS,MATAGORDA,9900.0,,9900.0,0.0
724,2017,UNITED STATES,TEXAS,MATAGORDA,11000.0,,12187.0,-1187.0
725,2016,UNITED STATES,TEXAS,MATAGORDA,17200.0,,16000.0,1200.0
726,2014,UNITED STATES,TEXAS,MATAGORDA,4000.0,,2900.0,1100.0
727,2013,UNITED STATES,TEXAS,MATAGORDA,2500.0,,2100.0,400.0
728,2012,UNITED STATES,TEXAS,MATAGORDA,2100.0,,7759.0,-5659.0
729,2011,UNITED STATES,TEXAS,MATAGORDA,21900.0,,21900.0,0.0
730,2010,UNITED STATES,TEXAS,MATAGORDA,25700.0,,25600.0,100.0
731,2009,UNITED STATES,TEXAS,MATAGORDA,25000.0,,25000.0,0.0
732,2008,UNITED STATES,TEXAS,MATAGORDA,19700.0,,19700.0,0.0
733,2007,UNITED STATES,TEXAS,MATAGORDA,17200.0,,20446.0,-3246.0
734,2006,UNITED STATES,TEXAS,MATAGORDA,18200.0,,18200.0,0.0
735,2005,UNITED STATES,TEXAS,MATAGORDA,21900.0,,21900.0,0.0
736,2004,UNITED STATES,TEXAS,MATAGORDA,23900.0,,23500.0,400.0
737,2003,UNITED STATES,TEXAS,MATAGORDA,19300.0,,19200.0,100.0
738,2002,UNITED STATES,TEXAS,MATAGORDA,24600.0,,24124.0,476.0
739,2001,UNITED STATES,TEXAS,MATAGORDA,24500.0,,24500.0,0.0
740,2000,UNITED STATES,TEXAS,MATAGORDA,23700.0,,23700.0,0.0
741,1999,UNITED STATES,TEXAS,MATAGORDA,29500.0,,29500.0,0.0
742,1998,UNITED STATES,TEXAS,MATAGORDA,32100.0,,31900.0,200.0
743,1997,UNITED STATES,TEXAS,MATAGORDA,26600.0,,29035.0,-2435.0
744,1996,UNITED STATES,TEXAS,MATAGORDA,27700.0,,27700.0,0.0
745,1995,UNITED STATES,TEXAS,MATAGORDA,30500.0,,30400.0,100.0
746,1994,UNITED STATES,TEXAS,MATAGORDA,35900.0,,35800.0,100.0
747,1993,UNITED STATES,TEXAS,MATAGORDA,29000.0,,28800.0,200.0
748,1992,UNITED STATES,TEXAS,MATAGORDA,35100.0,,35000.0,100.0
749,1991,UNITED STATES,TEXAS,MATAGORDA,36200.0,,36200.0,0.0
750,1990,UNITED STATES,TEXAS,MATAGORDA,37000.0,,36400.0,600.0
751,1989,UNITED STATES,TEXAS,MATAGORDA,32400.0,,32100.0,300.0
752,1988,UNITED STATES,TEXAS,MATAGORDA,41100.0,,40900.0,200.0
753,1987,UNITED STATES,TEXAS,MATAGORDA,24500.0,,24400.0,100.0
754,1986,UNITED STATES,TEXAS,MATAGORDA,26800.0,,26800.0,0.0
755,1985,UNITED STATES,TEXAS,MATAGORDA,30300.0,,30200.0,100.0
756,1984,UNITED STATES,TEXAS,MATAGORDA,40500.0,,40200.0,300.0
757,1983,UNITED STATES,TEXAS,MATAGORDA,29000.0,,28900.0,100.0
758,1982,UNITED STATES,TEXAS,MATAGORDA,48500.0,,48300.0,200.0
759,1981,UNITED STATES,TEXAS,MATAGORDA,55300.0,,55300.0,0.0
760,1980,UNITED STATES,TEXAS,MATAGORDA,57000.0,,56500.0,500.0
761,1979,UNITED STATES,TEXAS,MATAGORDA,53700.0,,53600.0,100.0
762,1978,UNITED STATES,TEXAS,MATAGORDA,50600.0,,50500.0,100.0
763,1977,UNITED STATES,TEXAS,MATAGORDA,46600.0,,46500.0,100.0
764,1976,UNITED STATES,TEXAS,MATAGORDA,48300.0,,48200.0,100.0
765,1975,UNITED STATES,TEXAS,MATAGORDA,51700.0,,51500.0,200.0
766,1974,UNITED STATES,TEXAS,MATAGORDA,54000.0,,53800.0,200.0
767,1973,UNITED STATES,TEXAS,MATAGORDA,55600.0,,55500.0,100.0
768,1972,UNITED STATES,TEXAS,MATAGORDA,46800.0,,46700.0,100.0
769,1971,UNITED STATES,TEXAS,MATAGORDA,47050.0,,46850.0,200.0
770,1970,UNITED STATES,TEXAS,MATAGORDA,46550.0,,46400.0,150.0
771,1969,UNITED STATES,TEXAS,MATAGORDA,54650.0,,54500.0,150.0
772,1968,UNITED STATES,TEXAS,MATAGORDA,58000.0,,57900.0,100.0
773,1996,UNITED STATES,TEXAS,ORANGE,1100.0,,1100.0,0.0
774,1995,UNITED STATES,TEXAS,ORANGE,1300.0,,1300.0,0.0
775,1994,UNITED STATES,TEXAS,ORANGE,1600.0,,1600.0,0.0
776,1993,UNITED STATES,TEXAS,ORANGE,1100.0,,1100.0,0.0
777,1992,UNITED STATES,TEXAS,ORANGE,1200.0,,1200.0,0.0
778,1991,UNITED STATES,TEXAS,ORANGE,1300.0,,1200.0,100.0
779,1990,UNITED STATES,TEXAS,ORANGE,1500.0,,1500.0,0.0
780,1989,UNITED STATES,TEXAS,ORANGE,1400.0,,1400.0,0.0
781,1988,UNITED STATES,TEXAS,ORANGE,1600.0,,1600.0,0.0
782,1987,UNITED STATES,TEXAS,ORANGE,1200.0,,1200.0,0.0
783,1984,UNITED STATES,TEXAS,ORANGE,1400.0,,1400.0,0.0
784,1983,UNITED STATES,TEXAS,ORANGE,1300.0,,1300.0,0.0
785,1982,UNITED STATES,TEXAS,ORANGE,1500.0,,1400.0,100.0
786,1981,UNITED STATES,TEXAS,ORANGE,1900.0,,1900.0,0.0
787,1980,UNITED STATES,TEXAS,ORANGE,1600.0,,1600.0,0.0
788,1979,UNITED STATES,TEXAS,ORANGE,1800.0,,1800.0,0.0
789,1978,UNITED STATES,TEXAS,ORANGE,1800.0,,1750.0,50.0
790,1977,UNITED STATES,TEXAS,ORANGE,1800.0,,1800.0,0.0
791,1976,UNITED STATES,TEXAS,ORANGE,2200.0,,2200.0,0.0
792,1975,UNITED STATES,TEXAS,ORANGE,2450.0,,2400.0,50.0
793,1974,UNITED STATES,TEXAS,ORANGE,2520.0,,2510.0,10.0
794,1973,UNITED STATES,TEXAS,ORANGE,2520.0,,2500.0,20.0
795,1972,UNITED STATES,TEXAS,ORANGE,2440.0,,2440.0,0.0
796,1971,UNITED STATES,TEXAS,ORANGE,2500.0,,2500.0,0.0
797,1970,UNITED STATES,TEXAS,ORANGE,2790.0,,2780.0,10.0
798,1969,UNITED STATES,TEXAS,ORANGE,4000.0,,3900.0,100.0
799,1968,UNITED STATES,TEXAS,ORANGE,5300.0,,5250.0,50.0
800,2008,UNITED STATES,TEXAS,VICTORIA,1100.0,,1100.0,0.0
801,2005,UNITED STATES,TEXAS,VICTORIA,1700.0,,1700.0,0.0
802,2003,UNITED STATES,TEXAS,VICTORIA,1300.0,,1300.0,0.0
803,2001,UNITED STATES,TEXAS,VICTORIA,2000.0,,2000.0,0.0
804,2000,UNITED STATES,TEXAS,VICTORIA,2000.0,,2000.0,0.0
805,1999,UNITED STATES,TEXAS,VICTORIA,2400.0,,2400.0,0.0
806,1998,UNITED STATES,TEXAS,VICTORIA,3300.0,,3300.0,0.0
807,1997,UNITED STATES,TEXAS,VICTORIA,3000.0,,3172.0,-172.0
808,1996,UNITED STATES,TEXAS,VICTORIA,3600.0,,3600.0,0.0
809,1995,UNITED STATES,TEXAS,VICTORIA,3800.0,,3800.0,0.0
810,1994,UNITED STATES,TEXAS,VICTORIA,4200.0,,4200.0,0.0
811,1993,UNITED STATES,TEXAS,VICTORIA,3400.0,,3400.0,0.0
812,1992,UNITED STATES,TEXAS,VICTORIA,4000.0,,3600.0,400.0
813,1991,UNITED STATES,TEXAS,VICTORIA,4100.0,,4000.0,100.0
814,1990,UNITED STATES,TEXAS,VICTORIA,4600.0,,4600.0,0.0
815,1989,UNITED STATES,TEXAS,VICTORIA,4400.0,,4400.0,0.0
816,1988,UNITED STATES,TEXAS,VICTORIA,5100.0,,5100.0,0.0
817,1987,UNITED STATES,TEXAS,VICTORIA,3200.0,,3200.0,0.0
818,1986,UNITED STATES,TEXAS,VICTORIA,3300.0,,3300.0,0.0
819,1985,UNITED STATES,TEXAS,VICTORIA,4700.0,,4700.0,0.0
820,1984,UNITED STATES,TEXAS,VICTORIA,6100.0,,6100.0,0.0
821,1983,UNITED STATES,TEXAS,VICTORIA,3200.0,,3200.0,0.0
822,1982,UNITED STATES,TEXAS,VICTORIA,5400.0,,5300.0,100.0
823,1981,UNITED STATES,TEXAS,VICTORIA,7800.0,,7800.0,0.0
824,1980,UNITED STATES,TEXAS,VICTORIA,7900.0,,7800.0,100.0
825,1979,UNITED STATES,TEXAS,VICTORIA,7600.0,,7600.0,0.0
826,1978,UNITED STATES,TEXAS,VICTORIA,5800.0,,5750.0,50.0
827,1977,UNITED STATES,TEXAS,VICTORIA,5000.0,,5000.0,0.0
828,1976,UNITED STATES,TEXAS,VICTORIA,4800.0,,4800.0,0.0
829,1975,UNITED STATES,TEXAS,VICTORIA,4550.0,,4500.0,50.0
830,1974,UNITED STATES,TEXAS,VICTORIA,4610.0,,4600.0,10.0
831,1973,UNITED STATES,TEXAS,VICTORIA,4750.0,,4750.0,0.0
832,1972,UNITED STATES,TEXAS,VICTORIA,3920.0,,3920.0,0.0
833,1971,UNITED STATES,TEXAS,VICTORIA,4160.0,,4150.0,10.0
834,1970,UNITED STATES,TEXAS,VICTORIA,4240.0,,4220.0,20.0
835,1969,UNITED STATES,TEXAS,VICTORIA,5400.0,,5350.0,50.0
836,1968,UNITED STATES,TEXAS,VICTORIA,5850.0,,5800.0,50.0
837,2020,UNITED STATES,TEXAS,WHARTON,42000.0,1.2,41400.0,600.0
838,2019,UNITED STATES,TEXAS,WHARTON,34000.0,,32900.0,1100.0
839,2018,UNITED STATES,TEXAS,WHARTON,40700.0,,40100.0,600.0
840,2017,UNITED STATES,TEXAS,WHARTON,36000.0,,30369.0,5631.0
841,2016,UNITED STATES,TEXAS,WHARTON,42700.0,,41400.0,1300.0
842,2015,UNITED STATES,TEXAS,WHARTON,29800.0,,29100.0,700.0
843,2013,UNITED STATES,TEXAS,WHARTON,26400.0,,26400.0,0.0
844,2012,UNITED STATES,TEXAS,WHARTON,27200.0,,28420.0,-1220.0
845,2011,UNITED STATES,TEXAS,WHARTON,46100.0,,46100.0,0.0
846,2010,UNITED STATES,TEXAS,WHARTON,47800.0,,47600.0,200.0
847,2009,UNITED STATES,TEXAS,WHARTON,46400.0,,45900.0,500.0
848,2008,UNITED STATES,TEXAS,WHARTON,38000.0,,38000.0,0.0
849,2007,UNITED STATES,TEXAS,WHARTON,35500.0,,35990.0,-490.0
850,2006,UNITED STATES,TEXAS,WHARTON,35500.0,,35500.0,0.0
851,2005,UNITED STATES,TEXAS,WHARTON,50700.0,,50700.0,0.0
852,2004,UNITED STATES,TEXAS,WHARTON,53500.0,,52600.0,900.0
853,2003,UNITED STATES,TEXAS,WHARTON,46900.0,,46400.0,500.0
854,2002,UNITED STATES,TEXAS,WHARTON,50200.0,,52678.0,-2478.0
855,2001,UNITED STATES,TEXAS,WHARTON,51600.0,,51600.0,0.0
856,2000,UNITED STATES,TEXAS,WHARTON,53000.0,,53000.0,0.0
857,1999,UNITED STATES,TEXAS,WHARTON,58700.0,,58700.0,0.0
858,1998,UNITED STATES,TEXAS,WHARTON,59800.0,,59600.0,200.0
859,1997,UNITED STATES,TEXAS,WHARTON,55200.0,,65151.0,-9951.0
860,1996,UNITED STATES,TEXAS,WHARTON,60000.0,,59500.0,500.0
861,1995,UNITED STATES,TEXAS,WHARTON,61800.0,,61400.0,400.0
862,1994,UNITED STATES,TEXAS,WHARTON,68300.0,,68200.0,100.0
863,1993,UNITED STATES,TEXAS,WHARTON,55000.0,,54800.0,200.0
864,1992,UNITED STATES,TEXAS,WHARTON,66700.0,,66500.0,200.0
865,1991,UNITED STATES,TEXAS,WHARTON,63500.0,,63500.0,0.0
866,1990,UNITED STATES,TEXAS,WHARTON,64300.0,,64300.0,0.0
867,1989,UNITED STATES,TEXAS,WHARTON,61300.0,,61100.0,200.0
868,1988,UNITED STATES,TEXAS,WHARTON,66100.0,,66000.0,100.0
869,1987,UNITED STATES,TEXAS,WHARTON,48500.0,,48400.0,100.0
870,1986,UNITED STATES,TEXAS,WHARTON,51800.0,,51600.0,200.0
871,1985,UNITED STATES,TEXAS,WHARTON,58600.0,,58500.0,100.0
872,1984,UNITED STATES,TEXAS,WHARTON,71800.0,,71600.0,200.0
873,1983,UNITED STATES,TEXAS,WHARTON,52200.0,,52100.0,100.0
874,1982,UNITED STATES,TEXAS,WHARTON,80000.0,,79900.0,100.0
875,1981,UNITED STATES,TEXAS,WHARTON,90200.0,,90100.0,100.0
876,1980,UNITED STATES,TEXAS,WHARTON,88800.0,,88400.0,400.0
877,1979,UNITED STATES,TEXAS,WHARTON,82700.0,,82600.0,100.0
878,1978,UNITED STATES,TEXAS,WHARTON,76500.0,,76300.0,200.0
879,1977,UNITED STATES,TEXAS,WHARTON,67200.0,,67200.0,0.0
880,1976,UNITED STATES,TEXAS,WHARTON,77000.0,,76900.0,100.0
881,1975,UNITED STATES,TEXAS,WHARTON,81200.0,,81100.0,100.0
882,1974,UNITED STATES,TEXAS,WHARTON,83880.0,,83200.0,680.0
883,1973,UNITED STATES,TEXAS,WHARTON,81500.0,,80800.0,700.0
884,1972,UNITED STATES,TEXAS,WHARTON,70200.0,,70000.0,200.0
885,1971,UNITED STATES,TEXAS,WHARTON,66400.0,,66150.0,250.0
886,1970,UNITED STATES,TEXAS,WHARTON,64650.0,,64200.0,450.0
887,1969,UNITED STATES,TEXAS,WHARTON,75300.0,,75100.0,200.0
888,1968,UNITED STATES,TEXAS,WHARTON,77800.0,,77700.0,100.0
889,2019,UNITED STATES,TEXAS,OTHER (COMBINED) COUNTIES,11500.0,,4800.0,6700.0
890,2018,UNITED STATES,TEXAS,OTHER (COMBINED) COUNTIES,36100.0,,5100.0,31000.0
891,2017,UNITED STATES,TEXAS,OTHER (COMBINED) COUNTIES,18300.0,,4300.0,14000.0
892,2016,UNITED STATES,TEXAS,OTHER (COMBINED) COUNTIES,25200.0,,4900.0,20300.0
893,2015,UNITED STATES,TEXAS,OTHER (COMBINED) COUNTIES,11600.0,,11310.0,290.0
894,2014,UNITED STATES,TEXAS,OTHER (COMBINED) COUNTIES,55700.0,,4300.0,51400.0
895,2013,UNITED STATES,TEXAS,OTHER (COMBINED) COUNTIES,6600.0,,6600.0,0.0
896,2012,UNITED STATES,TEXAS,OTHER (COMBINED) COUNTIES,16500.0,,21400.0,-4900.0
897,2011,UNITED STATES,TEXAS,OTHER (COMBINED) COUNTIES,32900.0,,2200.0,30700.0
898,2010,UNITED STATES,TEXAS,OTHER (COMBINED) COUNTIES,11800.0,,31200.0,-19400.0
899,2009,UNITED STATES,TEXAS,OTHER (COMBINED) COUNTIES,2100.0,,700.0,1400.0
900,2008,UNITED STATES,TEXAS,OTHER (COMBINED) COUNTIES,1400.0,,1200.0,200.0
901,2007,UNITED STATES,TEXAS,OTHER (COMBINED) COUNTIES,500.0,,900.0,-400.0
902,2006,UNITED STATES,TEXAS,OTHER (COMBINED) COUNTIES,1300.0,,900.0,400.0
903,2005,UNITED STATES,TEXAS,OTHER (COMBINED) COUNTIES,900.0,,600.0,300.0
904,2004,UNITED STATES,TEXAS,OTHER (COMBINED) COUNTIES,2200.0,,700.0,1500.0
905,2003,UNITED STATES,TEXAS,OTHER (COMBINED) COUNTIES,800.0,,1300.0,-500.0
906,2002,UNITED STATES,TEXAS,OTHER (COMBINED) COUNTIES,1900.0,,600.0,1300.0
907,2001,UNITED STATES,TEXAS,OTHER (COMBINED) COUNTIES,1200.0,,800.0,400.0
908,2000,UNITED STATES,TEXAS,OTHER (COMBINED) COUNTIES,1700.0,,1800.0,-100.0
909,1999,UNITED STATES,TEXAS,OTHER (COMBINED) COUNTIES,600.0,,200.0,400.0
910,1998,UNITED STATES,TEXAS,OTHER (COMBINED) COUNTIES,700.0,,1100.0,-400.0
911,1997,UNITED STATES,TEXAS,OTHER (COMBINED) COUNTIES,900.0,,1300.0,-400.0
912,1986,UNITED STATES,TEXAS,OTHER (COMBINED) COUNTIES,800.0,,200.0,600.0
913,1985,UNITED STATES,TEXAS,OTHER (COMBINED) COUNTIES,800.0,,300.0,500.0
914,2020,UNITED STATES,TEXAS,OTHER COUNTIES,69400.0,0.9,66900.0,2500.0
